slice_file_name,class,ClassID
doing_the_dishes.wav,Background_noise,0
dude_miaowing.wav,Background_noise,0
erunning_tap.wav,Background_noise,0
exercise_bike.wav,Background_noise,0
imlang.wav,Background_noise,0
im_lang_2.wav,Background_noise,0
1_0001.wav,Batden,1
1_0002.wav,Batden,1
1_0003.wav,Batden,1
1_0004.wav,Batden,1
1_0005.wav,Batden,1
1_0006.wav,Batden,1
1_0007.wav,Batden,1
1_0008.wav,Batden,1
1_0009.wav,Batden,1
1_0010.wav,Batden,1
1_0011.wav,Batden,1
1_0012.wav,Batden,1
1_0013.wav,Batden,1
1_0014.wav,Batden,1
1_0015.wav,Batden,1
1_0016.wav,Batden,1
1_0017.wav,Batden,1
1_0018.wav,Batden,1
1_0019.wav,Batden,1
1_0020.wav,Batden,1
1_0021.wav,Batden,1
1_0022.wav,Batden,1
1_0023.wav,Batden,1
1_0024.wav,Batden,1
1_0025.wav,Batden,1
1_0026.wav,Batden,1
1_0027.wav,Batden,1
1_0028.wav,Batden,1
1_0029.wav,Batden,1
1_0030.wav,Batden,1
1_0031.wav,Batden,1
1_0032.wav,Batden,1
1_0033.wav,Batden,1
1_0034.wav,Batden,1
1_0035.wav,Batden,1
1_0036.wav,Batden,1
1_0037.wav,Batden,1
1_0038.wav,Batden,1
1_0039.wav,Batden,1
1_0040.wav,Batden,1
1_0041.wav,Batden,1
1_0042.wav,Batden,1
1_0043.wav,Batden,1
1_0044.wav,Batden,1
1_0045.wav,Batden,1
1_0046 .wav,Batden,1
1_0047.wav,Batden,1
1_0048.wav,Batden,1
1_0049.wav,Batden,1
1_0050.wav,Batden,1
1_0051.wav,Batden,1
1_0052.wav,Batden,1
1_0053.wav,Batden,1
1_0054.wav,Batden,1
1_0055.wav,Batden,1
1_0056.wav,Batden,1
1_0057.wav,Batden,1
1_0058.wav,Batden,1
1_0059.wav,Batden,1
1_0060.wav,Batden,1
1_0061.wav,Batden,1
1_0062.wav,Batden,1
1_0063.wav,Batden,1
1_0064.wav,Batden,1
1_0065.wav,Batden,1
1_0066.wav,Batden,1
1_0067.wav,Batden,1
1_0068.wav,Batden,1
1_0069.wav,Batden,1
1_0070.wav,Batden,1
1_0071.wav,Batden,1
1_0072.wav,Batden,1
1_0073.wav,Batden,1
1_0074.wav,Batden,1
1_0075.wav,Batden,1
1_0076.wav,Batden,1
1_0077.wav,Batden,1
1_0078.wav,Batden,1
1_0079.wav,Batden,1
1_0081.wav,Batden,1
1_0082.wav,Batden,1
1_0083.wav,Batden,1
1_0084.wav,Batden,1
1_0085.wav,Batden,1
1_0086.wav,Batden,1
1_0087.wav,Batden,1
1_0088.wav,Batden,1
1_0089.wav,Batden,1
1_0090.wav,Batden,1
1_0091.wav,Batden,1
1_0092.wav,Batden,1
1_0093.wav,Batden,1
1_0094.wav,Batden,1
1_0095.wav,Batden,1
1_0096.wav,Batden,1
1_0097.wav,Batden,1
1_0098.wav,Batden,1
1_0099.wav,Batden,1
1_0100.wav,Batden,1
1_0101.wav,Batden,1
1_0102.wav,Batden,1
1_0103.wav,Batden,1
1_0104.wav,Batden,1
1_0105.wav,Batden,1
1_0106.wav,Batden,1
1_0107.wav,Batden,1
1_0108.wav,Batden,1
1_0109.wav,Batden,1
1_0110.wav,Batden,1
1_0111.wav,Batden,1
1_0112.wav,Batden,1
1_0113.wav,Batden,1
1_0114.wav,Batden,1
1_0115.wav,Batden,1
1_0116.wav,Batden,1
1_0117.wav,Batden,1
1_0118.wav,Batden,1
1_0119.wav,Batden,1
1_0120.wav,Batden,1
1_0121.wav,Batden,1
1_0122.wav,Batden,1
1_0123.wav,Batden,1
1_0124.wav,Batden,1
1_0125.wav,Batden,1
1_0126.wav,Batden,1
1_0128.wav,Batden,1
1_0129.wav,Batden,1
1_0130.wav,Batden,1
1_0131.wav,Batden,1
1_0132.wav,Batden,1
1_0133.wav,Batden,1
1_0134.wav,Batden,1
1_0135.wav,Batden,1
1_0136.wav,Batden,1
1_0137.wav,Batden,1
1_0138.wav,Batden,1
1_0139.wav,Batden,1
1_0140.wav,Batden,1
1_0141.wav,Batden,1
1_0142.wav,Batden,1
1_0143.wav,Batden,1
1_0144.wav,Batden,1
1_0145.wav,Batden,1
1_0146.wav,Batden,1
1_0147.wav,Batden,1
1_0148.wav,Batden,1
1_0149.wav,Batden,1
1_0150.wav,Batden,1
1_0151.wav,Batden,1
1_0152.wav,Batden,1
1_0153.wav,Batden,1
1_0154.wav,Batden,1
1_0155.wav,Batden,1
1_0156.wav,Batden,1
1_0157.wav,Batden,1
1_0158.wav,Batden,1
1_0159.wav,Batden,1
1_0160.wav,Batden,1
1_0161.wav,Batden,1
1_0162.wav,Batden,1
1_0163.wav,Batden,1
1_0164.wav,Batden,1
1_0165.wav,Batden,1
1_0166.wav,Batden,1
1_0167.wav,Batden,1
1_0168.wav,Batden,1
1_0169.wav,Batden,1
1_0170.wav,Batden,1
1_0171.wav,Batden,1
1_0172.wav,Batden,1
1_0173.wav,Batden,1
1_0174.wav,Batden,1
1_0175.wav,Batden,1
1_0176.wav,Batden,1
1_0177.wav,Batden,1
1_0178.wav,Batden,1
1_0179.wav,Batden,1
1_0180.wav,Batden,1
1_0181.wav,Batden,1
1_0182.wav,Batden,1
1_0183.wav,Batden,1
1_0220.wav,Batden,1
1_0221.wav,Batden,1
1_0222.wav,Batden,1
1_0223.wav,Batden,1
1_0224.wav,Batden,1
1_0225.wav,Batden,1
1_0226.wav,Batden,1
1_0227.wav,Batden,1
1_0228.wav,Batden,1
1_0229.wav,Batden,1
1_0230.wav,Batden,1
1_0231.wav,Batden,1
1_0232.wav,Batden,1
1_0233.wav,Batden,1
1_0234.wav,Batden,1
1_0235.wav,Batden,1
1_0236.wav,Batden,1
1_0237.wav,Batden,1
1_0238.wav,Batden,1
1_0239.wav,Batden,1
1_0240.wav,Batden,1
1_0241.wav,Batden,1
1_0242.wav,Batden,1
1_0243.wav,Batden,1
1_0244.wav,Batden,1
1_0245.wav,Batden,1
1_0246.wav,Batden,1
1_0247.wav,Batden,1
1_0248.wav,Batden,1
1_0249.wav,Batden,1
1_0250.wav,Batden,1
1_0251.wav,Batden,1
1_0252.wav,Batden,1
1_0253.wav,Batden,1
1_0254.wav,Batden,1
1_0255.wav,Batden,1
1_0256.wav,Batden,1
1_0257.wav,Batden,1
1_0258.wav,Batden,1
3-0001.wav,Batdieuhoa,2
3-0002.wav,Batdieuhoa,2
3-0003.wav,Batdieuhoa,2
3-0004.wav,Batdieuhoa,2
3-0005.wav,Batdieuhoa,2
3-0006.wav,Batdieuhoa,2
3-0007.wav,Batdieuhoa,2
3-0008.wav,Batdieuhoa,2
3-0009.wav,Batdieuhoa,2
3-0010.wav,Batdieuhoa,2
3-0011.wav,Batdieuhoa,2
3-0012.wav,Batdieuhoa,2
3-0013.wav,Batdieuhoa,2
3-0014.wav,Batdieuhoa,2
3-0015.wav,Batdieuhoa,2
3-0016.wav,Batdieuhoa,2
3-0017.wav,Batdieuhoa,2
3-0018.wav,Batdieuhoa,2
3-0019.wav,Batdieuhoa,2
3-0020.wav,Batdieuhoa,2
3-0021.wav,Batdieuhoa,2
3-0022.wav,Batdieuhoa,2
3-0023.wav,Batdieuhoa,2
3-0024.wav,Batdieuhoa,2
3-0025.wav,Batdieuhoa,2
3-0026.wav,Batdieuhoa,2
3-0027.wav,Batdieuhoa,2
3-0028.wav,Batdieuhoa,2
3-0029.wav,Batdieuhoa,2
3-0030.wav,Batdieuhoa,2
3-0031.wav,Batdieuhoa,2
3-0032.wav,Batdieuhoa,2
3-0033.wav,Batdieuhoa,2
3-0034.wav,Batdieuhoa,2
3-0035.wav,Batdieuhoa,2
3-0036.wav,Batdieuhoa,2
3-0037.wav,Batdieuhoa,2
3-0038.wav,Batdieuhoa,2
3-0039.wav,Batdieuhoa,2
3-0040.wav,Batdieuhoa,2
3-0041.wav,Batdieuhoa,2
3-0042.wav,Batdieuhoa,2
3-0043.wav,Batdieuhoa,2
3-0044.wav,Batdieuhoa,2
3-0045.wav,Batdieuhoa,2
3-0046.wav,Batdieuhoa,2
3-0047.wav,Batdieuhoa,2
3-0048.wav,Batdieuhoa,2
3-0049.wav,Batdieuhoa,2
3-0050.wav,Batdieuhoa,2
3-0051.wav,Batdieuhoa,2
3-0052.wav,Batdieuhoa,2
3-0053.wav,Batdieuhoa,2
3-0054.wav,Batdieuhoa,2
3-0055.wav,Batdieuhoa,2
3-0056.wav,Batdieuhoa,2
3-0057.wav,Batdieuhoa,2
3-0058.wav,Batdieuhoa,2
3-0059.wav,Batdieuhoa,2
3-0060.wav,Batdieuhoa,2
3-0061.wav,Batdieuhoa,2
3-0062.wav,Batdieuhoa,2
3-0063.wav,Batdieuhoa,2
3-0064.wav,Batdieuhoa,2
3-0065.wav,Batdieuhoa,2
3-0066.wav,Batdieuhoa,2
3-0067.wav,Batdieuhoa,2
3-0068.wav,Batdieuhoa,2
3-0069.wav,Batdieuhoa,2
3-0070.wav,Batdieuhoa,2
3-0071.wav,Batdieuhoa,2
3-0072.wav,Batdieuhoa,2
3-0073.wav,Batdieuhoa,2
3-0074.wav,Batdieuhoa,2
3-0075.wav,Batdieuhoa,2
3-0076.wav,Batdieuhoa,2
3-0077.wav,Batdieuhoa,2
3-0078.wav,Batdieuhoa,2
3-0079.wav,Batdieuhoa,2
3-0080.wav,Batdieuhoa,2
3-0081.wav,Batdieuhoa,2
3-0082.wav,Batdieuhoa,2
3-0083.wav,Batdieuhoa,2
3-0084.wav,Batdieuhoa,2
3-0085.wav,Batdieuhoa,2
3-0086.wav,Batdieuhoa,2
3-0087.wav,Batdieuhoa,2
3-0088.wav,Batdieuhoa,2
3-0089.wav,Batdieuhoa,2
3-0090.wav,Batdieuhoa,2
3-0091.wav,Batdieuhoa,2
3-0092.wav,Batdieuhoa,2
3-0093.wav,Batdieuhoa,2
3-0094.wav,Batdieuhoa,2
3-0095.wav,Batdieuhoa,2
3-0096.wav,Batdieuhoa,2
3-0097.wav,Batdieuhoa,2
3-0098.wav,Batdieuhoa,2
3-0099.wav,Batdieuhoa,2
3-0100.wav,Batdieuhoa,2
3-0101.wav,Batdieuhoa,2
3-0102.wav,Batdieuhoa,2
3-0103.wav,Batdieuhoa,2
3-0104.wav,Batdieuhoa,2
3-0105.wav,Batdieuhoa,2
3-0106.wav,Batdieuhoa,2
3-0107.wav,Batdieuhoa,2
3-0108.wav,Batdieuhoa,2
3-0109.wav,Batdieuhoa,2
3-0110.wav,Batdieuhoa,2
3-0111.wav,Batdieuhoa,2
3-0112.wav,Batdieuhoa,2
3-0113.wav,Batdieuhoa,2
3-0114.wav,Batdieuhoa,2
3-0115.wav,Batdieuhoa,2
3-0116.wav,Batdieuhoa,2
3-0117.wav,Batdieuhoa,2
3-0118.wav,Batdieuhoa,2
3-0119.wav,Batdieuhoa,2
3-0120.wav,Batdieuhoa,2
3-0121.wav,Batdieuhoa,2
3-0122.wav,Batdieuhoa,2
3-0123.wav,Batdieuhoa,2
3-0124.wav,Batdieuhoa,2
3-0125.wav,Batdieuhoa,2
3-0126.wav,Batdieuhoa,2
3-0127.wav,Batdieuhoa,2
3-0128.wav,Batdieuhoa,2
3-0129.wav,Batdieuhoa,2
3-0130.wav,Batdieuhoa,2
3-0131.wav,Batdieuhoa,2
3-0132.wav,Batdieuhoa,2
3-0133.wav,Batdieuhoa,2
3-0134.wav,Batdieuhoa,2
3-0135.wav,Batdieuhoa,2
3-0136.wav,Batdieuhoa,2
3-0137.wav,Batdieuhoa,2
3-0138.wav,Batdieuhoa,2
3-0139.wav,Batdieuhoa,2
3-0140.wav,Batdieuhoa,2
3-0141.wav,Batdieuhoa,2
3-0142.wav,Batdieuhoa,2
3-0143.wav,Batdieuhoa,2
3-0144.wav,Batdieuhoa,2
3-0145.wav,Batdieuhoa,2
3-0146.wav,Batdieuhoa,2
3-0147.wav,Batdieuhoa,2
3-0148.wav,Batdieuhoa,2
3-0149.wav,Batdieuhoa,2
3-0150.wav,Batdieuhoa,2
3-0151.wav,Batdieuhoa,2
3-0152.wav,Batdieuhoa,2
3-0153.wav,Batdieuhoa,2
3-0154.wav,Batdieuhoa,2
3-0155.wav,Batdieuhoa,2
3-0156.wav,Batdieuhoa,2
3-0157.wav,Batdieuhoa,2
3-0158.wav,Batdieuhoa,2
3-0159.wav,Batdieuhoa,2
3-0160.wav,Batdieuhoa,2
3-0161.wav,Batdieuhoa,2
3-0162.wav,Batdieuhoa,2
3-0163.wav,Batdieuhoa,2
3-0164.wav,Batdieuhoa,2
3-0165.wav,Batdieuhoa,2
3-0166.wav,Batdieuhoa,2
3-0167.wav,Batdieuhoa,2
3-0168.wav,Batdieuhoa,2
3-0169.wav,Batdieuhoa,2
3-0170.wav,Batdieuhoa,2
3-0171.wav,Batdieuhoa,2
3-0172.wav,Batdieuhoa,2
3-0173.wav,Batdieuhoa,2
3-0174.wav,Batdieuhoa,2
3-0175.wav,Batdieuhoa,2
3-0176.wav,Batdieuhoa,2
3-0177.wav,Batdieuhoa,2
3-0178.wav,Batdieuhoa,2
3-0179.wav,Batdieuhoa,2
3-0180.wav,Batdieuhoa,2
3-0181.wav,Batdieuhoa,2
3-0182.wav,Batdieuhoa,2
3-0183.wav,Batdieuhoa,2
3-0184.wav,Batdieuhoa,2
3-0185.wav,Batdieuhoa,2
3-0186.wav,Batdieuhoa,2
3-0187.wav,Batdieuhoa,2
3-0188.wav,Batdieuhoa,2
3-0189.wav,Batdieuhoa,2
3-0190.wav,Batdieuhoa,2
3-0191.wav,Batdieuhoa,2
3-0192.wav,Batdieuhoa,2
3-0193.wav,Batdieuhoa,2
3-0194.wav,Batdieuhoa,2
3-0195.wav,Batdieuhoa,2
3-0196.wav,Batdieuhoa,2
3-0197.wav,Batdieuhoa,2
3-0198.wav,Batdieuhoa,2
3-0199.wav,Batdieuhoa,2
3-0200.wav,Batdieuhoa,2
3-0201.wav,Batdieuhoa,2
3-0202.wav,Batdieuhoa,2
3-0220.wav,Batdieuhoa,2
3-0221.wav,Batdieuhoa,2
3-0223.wav,Batdieuhoa,2
3_0001.wav,Batmaychieu,3
3_0002.wav,Batmaychieu,3
3_0003.wav,Batmaychieu,3
3_0004.wav,Batmaychieu,3
3_0005.wav,Batmaychieu,3
3_0006.wav,Batmaychieu,3
3_0007.wav,Batmaychieu,3
3_0008.wav,Batmaychieu,3
3_0009.wav,Batmaychieu,3
3_0010.wav,Batmaychieu,3
3_0011.wav,Batmaychieu,3
3_0012.wav,Batmaychieu,3
3_0013.wav,Batmaychieu,3
3_0014.wav,Batmaychieu,3
3_0015.wav,Batmaychieu,3
3_0016.wav,Batmaychieu,3
3_0017.wav,Batmaychieu,3
3_0018.wav,Batmaychieu,3
3_0019.wav,Batmaychieu,3
3_0020.wav,Batmaychieu,3
3_0021.wav,Batmaychieu,3
3_0022.wav,Batmaychieu,3
3_0023.wav,Batmaychieu,3
3_0024.wav,Batmaychieu,3
3_0025.wav,Batmaychieu,3
3_0026.wav,Batmaychieu,3
3_0027.wav,Batmaychieu,3
3_0028.wav,Batmaychieu,3
3_0029.wav,Batmaychieu,3
3_0030.wav,Batmaychieu,3
3_0031.wav,Batmaychieu,3
3_0032.wav,Batmaychieu,3
3_0033.wav,Batmaychieu,3
3_0034.wav,Batmaychieu,3
3_0035.wav,Batmaychieu,3
3_0036.wav,Batmaychieu,3
3_0037.wav,Batmaychieu,3
3_0038.wav,Batmaychieu,3
3_0039.wav,Batmaychieu,3
3_0040.wav,Batmaychieu,3
3_0041.wav,Batmaychieu,3
3_0042.wav,Batmaychieu,3
3_0043.wav,Batmaychieu,3
3_0044.wav,Batmaychieu,3
3_0045.wav,Batmaychieu,3
3_0046.wav,Batmaychieu,3
3_0047.wav,Batmaychieu,3
3_0048.wav,Batmaychieu,3
3_0049.wav,Batmaychieu,3
3_0050.wav,Batmaychieu,3
3_0051.wav,Batmaychieu,3
3_0052.wav,Batmaychieu,3
3_0053.wav,Batmaychieu,3
3_0054.wav,Batmaychieu,3
3_0055.wav,Batmaychieu,3
3_0057.wav,Batmaychieu,3
3_0058.wav,Batmaychieu,3
3_0059.wav,Batmaychieu,3
3_0060.wav,Batmaychieu,3
3_0061.wav,Batmaychieu,3
3_0062.wav,Batmaychieu,3
3_0063.wav,Batmaychieu,3
3_0064.wav,Batmaychieu,3
3_0065.wav,Batmaychieu,3
3_0066.wav,Batmaychieu,3
3_0067.wav,Batmaychieu,3
3_0069.wav,Batmaychieu,3
3_0070.wav,Batmaychieu,3
3_0071.wav,Batmaychieu,3
3_0072.wav,Batmaychieu,3
3_0073.wav,Batmaychieu,3
3_0074.wav,Batmaychieu,3
3_0075.wav,Batmaychieu,3
3_0076.wav,Batmaychieu,3
3_0077.wav,Batmaychieu,3
3_0078.wav,Batmaychieu,3
3_0079.wav,Batmaychieu,3
3_0080.wav,Batmaychieu,3
3_0081.wav,Batmaychieu,3
3_0082.wav,Batmaychieu,3
3_0083.wav,Batmaychieu,3
3_0084.wav,Batmaychieu,3
3_0085.wav,Batmaychieu,3
3_0086.wav,Batmaychieu,3
3_0087.wav,Batmaychieu,3
3_0088.wav,Batmaychieu,3
3_0089.wav,Batmaychieu,3
3_0090.wav,Batmaychieu,3
3_0091.wav,Batmaychieu,3
3_0092.wav,Batmaychieu,3
3_0093.wav,Batmaychieu,3
3_0094.wav,Batmaychieu,3
3_0095.wav,Batmaychieu,3
3_0096.wav,Batmaychieu,3
3_0097.wav,Batmaychieu,3
3_0098.wav,Batmaychieu,3
3_0099.wav,Batmaychieu,3
3_0100.wav,Batmaychieu,3
3_0101.wav,Batmaychieu,3
3_0102.wav,Batmaychieu,3
3_0103.wav,Batmaychieu,3
3_0104.wav,Batmaychieu,3
3_0105.wav,Batmaychieu,3
3_0106.wav,Batmaychieu,3
3_0107.wav,Batmaychieu,3
3_0108.wav,Batmaychieu,3
3_0109.wav,Batmaychieu,3
3_0110.wav,Batmaychieu,3
3_0111.wav,Batmaychieu,3
3_0112.wav,Batmaychieu,3
3_0113.wav,Batmaychieu,3
3_0114.wav,Batmaychieu,3
3_0115.wav,Batmaychieu,3
3_0116.wav,Batmaychieu,3
3_0117.wav,Batmaychieu,3
3_0118.wav,Batmaychieu,3
3_0119.wav,Batmaychieu,3
3_0120.wav,Batmaychieu,3
3_0121.wav,Batmaychieu,3
3_0122.wav,Batmaychieu,3
3_0123.wav,Batmaychieu,3
3_0124.wav,Batmaychieu,3
3_0125.wav,Batmaychieu,3
3_0126.wav,Batmaychieu,3
3_0127.wav,Batmaychieu,3
3_0128.wav,Batmaychieu,3
3_0129.wav,Batmaychieu,3
3_0130.wav,Batmaychieu,3
3_0131.wav,Batmaychieu,3
3_0132.wav,Batmaychieu,3
3_0133.wav,Batmaychieu,3
3_0134.wav,Batmaychieu,3
3_0135.wav,Batmaychieu,3
3_0136.wav,Batmaychieu,3
3_0137.wav,Batmaychieu,3
3_0138.wav,Batmaychieu,3
3_0139.wav,Batmaychieu,3
3_0140.wav,Batmaychieu,3
3_0141.wav,Batmaychieu,3
3_0142.wav,Batmaychieu,3
3_0143.wav,Batmaychieu,3
3_0144.wav,Batmaychieu,3
3_0145.wav,Batmaychieu,3
3_0146.wav,Batmaychieu,3
3_0147.wav,Batmaychieu,3
3_0148.wav,Batmaychieu,3
3_0149.wav,Batmaychieu,3
3_0150.wav,Batmaychieu,3
3_0151.wav,Batmaychieu,3
3_0152.wav,Batmaychieu,3
3_0153.wav,Batmaychieu,3
3_0154.wav,Batmaychieu,3
3_0155.wav,Batmaychieu,3
3_0156.wav,Batmaychieu,3
3_0157.wav,Batmaychieu,3
3_0158.wav,Batmaychieu,3
3_0159.wav,Batmaychieu,3
3_0160.wav,Batmaychieu,3
3_0161.wav,Batmaychieu,3
3_0162.wav,Batmaychieu,3
3_0163.wav,Batmaychieu,3
3_0164.wav,Batmaychieu,3
3_0165.wav,Batmaychieu,3
3_0166.wav,Batmaychieu,3
3_0167.wav,Batmaychieu,3
3_0168.wav,Batmaychieu,3
3_0169.wav,Batmaychieu,3
3_0170.wav,Batmaychieu,3
3_0171.wav,Batmaychieu,3
3_0172.wav,Batmaychieu,3
3_0173.wav,Batmaychieu,3
3_0174.wav,Batmaychieu,3
3_0175.wav,Batmaychieu,3
3_0176.wav,Batmaychieu,3
3_0177.wav,Batmaychieu,3
3_0178.wav,Batmaychieu,3
3_0179.wav,Batmaychieu,3
3_0180.wav,Batmaychieu,3
3_0181.wav,Batmaychieu,3
3_0182.wav,Batmaychieu,3
3_0183.wav,Batmaychieu,3
3_0184.wav,Batmaychieu,3
3_0185.wav,Batmaychieu,3
3_0186.wav,Batmaychieu,3
3_0187.wav,Batmaychieu,3
3_0188.wav,Batmaychieu,3
3_0189.wav,Batmaychieu,3
3_0190.wav,Batmaychieu,3
3_0191.wav,Batmaychieu,3
3_0192.wav,Batmaychieu,3
3_0193.wav,Batmaychieu,3
3_0194.wav,Batmaychieu,3
3_0220.wav,Batmaychieu,3
3_0221.wav,Batmaychieu,3
3_0222.wav,Batmaychieu,3
3_0224.wav,Batmaychieu,3
3_0225.wav,Batmaychieu,3
3_0226.wav,Batmaychieu,3
3_0228.wav,Batmaychieu,3
3_0229.wav,Batmaychieu,3
3_0230.wav,Batmaychieu,3
3_0231.wav,Batmaychieu,3
3_0232.wav,Batmaychieu,3
3_0233.wav,Batmaychieu,3
3_0234.wav,Batmaychieu,3
3_0235.wav,Batmaychieu,3
3_0236.wav,Batmaychieu,3
3_0237.wav,Batmaychieu,3
3_0238.wav,Batmaychieu,3
3_0239.wav,Batmaychieu,3
3_0240.wav,Batmaychieu,3
3_0241.wav,Batmaychieu,3
3_0242.wav,Batmaychieu,3
3_0243.wav,Batmaychieu,3
3_0244.wav,Batmaychieu,3
1-0001.wav,Battivi,4
1-0002.wav,Battivi,4
1-0003.wav,Battivi,4
1-0004.wav,Battivi,4
1-0005.wav,Battivi,4
1-0006.wav,Battivi,4
1-0007.wav,Battivi,4
1-0008.wav,Battivi,4
1-0009.wav,Battivi,4
1-0010.wav,Battivi,4
1-0011.wav,Battivi,4
1-0012.wav,Battivi,4
1-0013.wav,Battivi,4
1-0014.wav,Battivi,4
1-0015.wav,Battivi,4
1-0016.wav,Battivi,4
1-0017.wav,Battivi,4
1-0018.wav,Battivi,4
1-0019.wav,Battivi,4
1-0020.wav,Battivi,4
1-0021.wav,Battivi,4
1-0022.wav,Battivi,4
1-0023.wav,Battivi,4
1-0024.wav,Battivi,4
1-0025.wav,Battivi,4
1-0026.wav,Battivi,4
1-0027.wav,Battivi,4
1-0028.wav,Battivi,4
1-0029.wav,Battivi,4
1-0030.wav,Battivi,4
1-0031.wav,Battivi,4
1-0032.wav,Battivi,4
1-0033.wav,Battivi,4
1-0034.wav,Battivi,4
1-0035.wav,Battivi,4
1-0036.wav,Battivi,4
1-0037.wav,Battivi,4
1-0038.wav,Battivi,4
1-0039.wav,Battivi,4
1-0040.wav,Battivi,4
1-0041.wav,Battivi,4
1-0042.wav,Battivi,4
1-0043.wav,Battivi,4
1-0044.wav,Battivi,4
1-0045.wav,Battivi,4
1-0046.wav,Battivi,4
1-0047.wav,Battivi,4
1-0048.wav,Battivi,4
1-0049.wav,Battivi,4
1-0050.wav,Battivi,4
1-0051.wav,Battivi,4
1-0052.wav,Battivi,4
1-0053.wav,Battivi,4
1-0054.wav,Battivi,4
1-0055.wav,Battivi,4
1-0056.wav,Battivi,4
1-0057.wav,Battivi,4
1-0058.wav,Battivi,4
1-0059.wav,Battivi,4
1-0060.wav,Battivi,4
1-0061.wav,Battivi,4
1-0062.wav,Battivi,4
1-0063.wav,Battivi,4
1-0064.wav,Battivi,4
1-0065.wav,Battivi,4
1-0066.wav,Battivi,4
1-0067.wav,Battivi,4
1-0068.wav,Battivi,4
1-0069.wav,Battivi,4
1-0070.wav,Battivi,4
1-0071.wav,Battivi,4
1-0072.wav,Battivi,4
1-0073.wav,Battivi,4
1-0074.wav,Battivi,4
1-0075.wav,Battivi,4
1-0076.wav,Battivi,4
1-0077.wav,Battivi,4
1-0078.wav,Battivi,4
1-0079.wav,Battivi,4
1-0080.wav,Battivi,4
1-0081.wav,Battivi,4
1-0082.wav,Battivi,4
1-0083.wav,Battivi,4
1-0084.wav,Battivi,4
1-0085.wav,Battivi,4
1-0086.wav,Battivi,4
1-0087.wav,Battivi,4
1-0088.wav,Battivi,4
1-0089.wav,Battivi,4
1-0090.wav,Battivi,4
1-0091.wav,Battivi,4
1-0092.wav,Battivi,4
1-0093.wav,Battivi,4
1-0094.wav,Battivi,4
1-0095.wav,Battivi,4
1-0096.wav,Battivi,4
1-0097.wav,Battivi,4
1-0098.wav,Battivi,4
1-0099.wav,Battivi,4
1-0100.wav,Battivi,4
1-0101.wav,Battivi,4
1-0102.wav,Battivi,4
1-0103.wav,Battivi,4
1-0104.wav,Battivi,4
1-0105.wav,Battivi,4
1-0106.wav,Battivi,4
1-0107.wav,Battivi,4
1-0108.wav,Battivi,4
1-0109.wav,Battivi,4
1-0110.wav,Battivi,4
1-0111.wav,Battivi,4
1-0112.wav,Battivi,4
1-0113.wav,Battivi,4
1-0114.wav,Battivi,4
1-0115.wav,Battivi,4
1-0116.wav,Battivi,4
1-0117.wav,Battivi,4
1-0118.wav,Battivi,4
1-0119.wav,Battivi,4
1-0120.wav,Battivi,4
1-0121.wav,Battivi,4
1-0122.wav,Battivi,4
1-0123.wav,Battivi,4
1-0124.wav,Battivi,4
1-0125.wav,Battivi,4
1-0126.wav,Battivi,4
1-0127.wav,Battivi,4
1-0128.wav,Battivi,4
1-0129.wav,Battivi,4
1-0130.wav,Battivi,4
1-0131.wav,Battivi,4
1-0132.wav,Battivi,4
1-0133.wav,Battivi,4
1-0134.wav,Battivi,4
1-0135.wav,Battivi,4
1-0136.wav,Battivi,4
1-0137.wav,Battivi,4
1-0138.wav,Battivi,4
1-0139.wav,Battivi,4
1-0140.wav,Battivi,4
1-0141.wav,Battivi,4
1-0142.wav,Battivi,4
1-0143.wav,Battivi,4
1-0144.wav,Battivi,4
1-0145.wav,Battivi,4
1-0146.wav,Battivi,4
1-0147.wav,Battivi,4
1-0148.wav,Battivi,4
1-0149.wav,Battivi,4
1-0150.wav,Battivi,4
1-0151.wav,Battivi,4
1-0152.wav,Battivi,4
1-0153.wav,Battivi,4
1-0154.wav,Battivi,4
1-0155.wav,Battivi,4
1-0156.wav,Battivi,4
1-0157.wav,Battivi,4
1-0158.wav,Battivi,4
1-0159.wav,Battivi,4
1-0160.wav,Battivi,4
1-0161.wav,Battivi,4
1-0162.wav,Battivi,4
1-0163.wav,Battivi,4
1-0164.wav,Battivi,4
1-0165.wav,Battivi,4
1-0166.wav,Battivi,4
1-0167.wav,Battivi,4
1-0168.wav,Battivi,4
1-0169.wav,Battivi,4
1-0170.wav,Battivi,4
1-0171.wav,Battivi,4
1-0172.wav,Battivi,4
1-0173.wav,Battivi,4
1-0174.wav,Battivi,4
1-0175.wav,Battivi,4
1-0176.wav,Battivi,4
1-0177.wav,Battivi,4
1-0178.wav,Battivi,4
1-0179.wav,Battivi,4
1-0180.wav,Battivi,4
1-0181.wav,Battivi,4
1-0182.wav,Battivi,4
1-0183.wav,Battivi,4
1-0184.wav,Battivi,4
1-0185.wav,Battivi,4
1-0186.wav,Battivi,4
1-0187.wav,Battivi,4
1-0188.wav,Battivi,4
1-0189.wav,Battivi,4
1-0190.wav,Battivi,4
1-0191.wav,Battivi,4
1-0192.wav,Battivi,4
1-0193.wav,Battivi,4
1-0194.wav,Battivi,4
1-0195.wav,Battivi,4
1-0196.wav,Battivi,4
1-0197.wav,Battivi,4
1-0198.wav,Battivi,4
1-0199.wav,Battivi,4
1-0200.wav,Battivi,4
1-0201.wav,Battivi,4
1-0202.wav,Battivi,4
1-0203.wav,Battivi,4
1-0204.wav,Battivi,4
1-0205.wav,Battivi,4
1-0206.wav,Battivi,4
1-0207.wav,Battivi,4
1-0208.wav,Battivi,4
1-0209.wav,Battivi,4
1-0210.wav,Battivi,4
1-0220.wav,Battivi,4
1-0221.wav,Battivi,4
1-0222.wav,Battivi,4
2_0001.wav,Tatden,5
2_0002.wav,Tatden,5
2_0003.wav,Tatden,5
2_0004.wav,Tatden,5
2_0005.wav,Tatden,5
2_0006.wav,Tatden,5
2_0007.wav,Tatden,5
2_0008.wav,Tatden,5
2_0009.wav,Tatden,5
2_0010.wav,Tatden,5
2_0011.wav,Tatden,5
2_0012.wav,Tatden,5
2_0013.wav,Tatden,5
2_0014.wav,Tatden,5
2_0015.wav,Tatden,5
2_0016.wav,Tatden,5
2_0017.wav,Tatden,5
2_0018.wav,Tatden,5
2_0019.wav,Tatden,5
2_0020.wav,Tatden,5
2_0021.wav,Tatden,5
2_0022.wav,Tatden,5
2_0023.wav,Tatden,5
2_0024.wav,Tatden,5
2_0025.wav,Tatden,5
2_0026.wav,Tatden,5
2_0027.wav,Tatden,5
2_0028.wav,Tatden,5
2_0029.wav,Tatden,5
2_0030.wav,Tatden,5
2_0031.wav,Tatden,5
2_0032.wav,Tatden,5
2_0033.wav,Tatden,5
2_0034.wav,Tatden,5
2_0035.wav,Tatden,5
2_0036.wav,Tatden,5
2_0037.wav,Tatden,5
2_0038.wav,Tatden,5
2_0039.wav,Tatden,5
2_0040.wav,Tatden,5
2_0041.wav,Tatden,5
2_0042.wav,Tatden,5
2_0043.wav,Tatden,5
2_0044.wav,Tatden,5
2_0045.wav,Tatden,5
2_0046.wav,Tatden,5
2_0047.wav,Tatden,5
2_0048.wav,Tatden,5
2_0049.wav,Tatden,5
2_0050.wav,Tatden,5
2_0051.wav,Tatden,5
2_0053.wav,Tatden,5
2_0054.wav,Tatden,5
2_0055.wav,Tatden,5
2_0056.wav,Tatden,5
2_0057.wav,Tatden,5
2_0058.wav,Tatden,5
2_0059.wav,Tatden,5
2_0060.wav,Tatden,5
2_0061.wav,Tatden,5
2_0062.wav,Tatden,5
2_0063.wav,Tatden,5
2_0064.wav,Tatden,5
2_0065.wav,Tatden,5
2_0066.wav,Tatden,5
2_0067.wav,Tatden,5
2_0068.wav,Tatden,5
2_0069.wav,Tatden,5
2_0070.wav,Tatden,5
2_0071.wav,Tatden,5
2_0072.wav,Tatden,5
2_0073.wav,Tatden,5
2_0074.wav,Tatden,5
2_0075.wav,Tatden,5
2_0076.wav,Tatden,5
2_0077.wav,Tatden,5
2_0078.wav,Tatden,5
2_0079.wav,Tatden,5
2_0080.wav,Tatden,5
2_0081.wav,Tatden,5
2_0082.wav,Tatden,5
2_0083.wav,Tatden,5
2_0084.wav,Tatden,5
2_0085.wav,Tatden,5
2_0086.wav,Tatden,5
2_0087.wav,Tatden,5
2_0088.wav,Tatden,5
2_0089.wav,Tatden,5
2_0090.wav,Tatden,5
2_0091.wav,Tatden,5
2_0092.wav,Tatden,5
2_0093.wav,Tatden,5
2_0094.wav,Tatden,5
2_0095.wav,Tatden,5
2_0096.wav,Tatden,5
2_0097.wav,Tatden,5
2_0098.wav,Tatden,5
2_0099.wav,Tatden,5
2_0100.wav,Tatden,5
2_0101.wav,Tatden,5
2_0102.wav,Tatden,5
2_0103.wav,Tatden,5
2_0104.wav,Tatden,5
2_0105.wav,Tatden,5
2_0106.wav,Tatden,5
2_0107.wav,Tatden,5
2_0108.wav,Tatden,5
2_0109.wav,Tatden,5
2_0110.wav,Tatden,5
2_0111.wav,Tatden,5
2_0112.wav,Tatden,5
2_0113.wav,Tatden,5
2_0114.wav,Tatden,5
2_0115.wav,Tatden,5
2_0116.wav,Tatden,5
2_0117.wav,Tatden,5
2_0118.wav,Tatden,5
2_0119.wav,Tatden,5
2_0120.wav,Tatden,5
2_0121.wav,Tatden,5
2_0122.wav,Tatden,5
2_0123.wav,Tatden,5
2_0124.wav,Tatden,5
2_0125.wav,Tatden,5
2_0126.wav,Tatden,5
2_0127.wav,Tatden,5
2_0128.wav,Tatden,5
2_0129.wav,Tatden,5
2_0130.wav,Tatden,5
2_0131.wav,Tatden,5
2_0132.wav,Tatden,5
2_0133.wav,Tatden,5
2_0134.wav,Tatden,5
2_0135.wav,Tatden,5
2_0136.wav,Tatden,5
2_0137.wav,Tatden,5
2_0138.wav,Tatden,5
2_0139.wav,Tatden,5
2_0140.wav,Tatden,5
2_0141.wav,Tatden,5
2_0142.wav,Tatden,5
2_0143.wav,Tatden,5
2_0144.wav,Tatden,5
2_0145.wav,Tatden,5
2_0146.wav,Tatden,5
2_0147.wav,Tatden,5
2_0148.wav,Tatden,5
2_0149.wav,Tatden,5
2_0150.wav,Tatden,5
2_0151.wav,Tatden,5
2_0152.wav,Tatden,5
2_0153.wav,Tatden,5
2_0154.wav,Tatden,5
2_0155.wav,Tatden,5
2_0156.wav,Tatden,5
2_0157.wav,Tatden,5
2_0158.wav,Tatden,5
2_0159.wav,Tatden,5
2_0160.wav,Tatden,5
2_0161.wav,Tatden,5
2_0162.wav,Tatden,5
2_0163.wav,Tatden,5
2_0164.wav,Tatden,5
2_0165.wav,Tatden,5
2_0166.wav,Tatden,5
2_0167.wav,Tatden,5
2_0168.wav,Tatden,5
2_0169.wav,Tatden,5
2_0170.wav,Tatden,5
2_0171.wav,Tatden,5
2_0172.wav,Tatden,5
2_0173.wav,Tatden,5
2_0174.wav,Tatden,5
2_0175.wav,Tatden,5
2_0176.wav,Tatden,5
2_0177.wav,Tatden,5
2_0178.wav,Tatden,5
2_0179.wav,Tatden,5
2_0180.wav,Tatden,5
2_0220.wav,Tatden,5
2_0221.wav,Tatden,5
2_0222.wav,Tatden,5
2_0223.wav,Tatden,5
2_0224.wav,Tatden,5
2_0225.wav,Tatden,5
2_0226.wav,Tatden,5
2_0227.wav,Tatden,5
2_0228.wav,Tatden,5
2_0229.wav,Tatden,5
2_0230.wav,Tatden,5
2_0231.wav,Tatden,5
2_0232.wav,Tatden,5
2_0233.wav,Tatden,5
2_0234.wav,Tatden,5
2_0235.wav,Tatden,5
2_0236.wav,Tatden,5
2_0237.wav,Tatden,5
2_0238.wav,Tatden,5
2_0239.wav,Tatden,5
2_0240.wav,Tatden,5
2_0241.wav,Tatden,5
2_0242.wav,Tatden,5
2_0243.wav,Tatden,5
2_0244.wav,Tatden,5
2_0245.wav,Tatden,5
2_0246.wav,Tatden,5
2_0247.wav,Tatden,5
2_0248.wav,Tatden,5
2_0249.wav,Tatden,5
2_0250.wav,Tatden,5
2_0251.wav,Tatden,5
2_0252.wav,Tatden,5
2_0253.wav,Tatden,5
2_0254.wav,Tatden,5
2_0255.wav,Tatden,5
2_0256.wav,Tatden,5
4-0001.wav,Tatdieuhoa,6
4-0002.wav,Tatdieuhoa,6
4-0003.wav,Tatdieuhoa,6
4-0004.wav,Tatdieuhoa,6
4-0005.wav,Tatdieuhoa,6
4-0006.wav,Tatdieuhoa,6
4-0007.wav,Tatdieuhoa,6
4-0008.wav,Tatdieuhoa,6
4-0009.wav,Tatdieuhoa,6
4-0010.wav,Tatdieuhoa,6
4-0011.wav,Tatdieuhoa,6
4-0012.wav,Tatdieuhoa,6
4-0013.wav,Tatdieuhoa,6
4-0014.wav,Tatdieuhoa,6
4-0015.wav,Tatdieuhoa,6
4-0016.wav,Tatdieuhoa,6
4-0017.wav,Tatdieuhoa,6
4-0018.wav,Tatdieuhoa,6
4-0019.wav,Tatdieuhoa,6
4-0020.wav,Tatdieuhoa,6
4-0021.wav,Tatdieuhoa,6
4-0022.wav,Tatdieuhoa,6
4-0023.wav,Tatdieuhoa,6
4-0024.wav,Tatdieuhoa,6
4-0025.wav,Tatdieuhoa,6
4-0026.wav,Tatdieuhoa,6
4-0027.wav,Tatdieuhoa,6
4-0028.wav,Tatdieuhoa,6
4-0029.wav,Tatdieuhoa,6
4-0030.wav,Tatdieuhoa,6
4-0031.wav,Tatdieuhoa,6
4-0032.wav,Tatdieuhoa,6
4-0033.wav,Tatdieuhoa,6
4-0034.wav,Tatdieuhoa,6
4-0035.wav,Tatdieuhoa,6
4-0036.wav,Tatdieuhoa,6
4-0037.wav,Tatdieuhoa,6
4-0038.wav,Tatdieuhoa,6
4-0039.wav,Tatdieuhoa,6
4-0040.wav,Tatdieuhoa,6
4-0041.wav,Tatdieuhoa,6
4-0042.wav,Tatdieuhoa,6
4-0043.wav,Tatdieuhoa,6
4-0044.wav,Tatdieuhoa,6
4-0045.wav,Tatdieuhoa,6
4-0046.wav,Tatdieuhoa,6
4-0047.wav,Tatdieuhoa,6
4-0048.wav,Tatdieuhoa,6
4-0049.wav,Tatdieuhoa,6
4-0050.wav,Tatdieuhoa,6
4-0051.wav,Tatdieuhoa,6
4-0052.wav,Tatdieuhoa,6
4-0053.wav,Tatdieuhoa,6
4-0054.wav,Tatdieuhoa,6
4-0055.wav,Tatdieuhoa,6
4-0056.wav,Tatdieuhoa,6
4-0057.wav,Tatdieuhoa,6
4-0058.wav,Tatdieuhoa,6
4-0059.wav,Tatdieuhoa,6
4-0060.wav,Tatdieuhoa,6
4-0061.wav,Tatdieuhoa,6
4-0062.wav,Tatdieuhoa,6
4-0063.wav,Tatdieuhoa,6
4-0064.wav,Tatdieuhoa,6
4-0065.wav,Tatdieuhoa,6
4-0066.wav,Tatdieuhoa,6
4-0067.wav,Tatdieuhoa,6
4-0068.wav,Tatdieuhoa,6
4-0069.wav,Tatdieuhoa,6
4-0070.wav,Tatdieuhoa,6
4-0071.wav,Tatdieuhoa,6
4-0072.wav,Tatdieuhoa,6
4-0073.wav,Tatdieuhoa,6
4-0074.wav,Tatdieuhoa,6
4-0075.wav,Tatdieuhoa,6
4-0076.wav,Tatdieuhoa,6
4-0077.wav,Tatdieuhoa,6
4-0078.wav,Tatdieuhoa,6
4-0079.wav,Tatdieuhoa,6
4-0080.wav,Tatdieuhoa,6
4-0081.wav,Tatdieuhoa,6
4-0082.wav,Tatdieuhoa,6
4-0083.wav,Tatdieuhoa,6
4-0084.wav,Tatdieuhoa,6
4-0085.wav,Tatdieuhoa,6
4-0086.wav,Tatdieuhoa,6
4-0087.wav,Tatdieuhoa,6
4-0088.wav,Tatdieuhoa,6
4-0089.wav,Tatdieuhoa,6
4-0090.wav,Tatdieuhoa,6
4-0091.wav,Tatdieuhoa,6
4-0092.wav,Tatdieuhoa,6
4-0093.wav,Tatdieuhoa,6
4-0094.wav,Tatdieuhoa,6
4-0095.wav,Tatdieuhoa,6
4-0096.wav,Tatdieuhoa,6
4-0097.wav,Tatdieuhoa,6
4-0098.wav,Tatdieuhoa,6
4-0099.wav,Tatdieuhoa,6
4-0100.wav,Tatdieuhoa,6
4-0101.wav,Tatdieuhoa,6
4-0102.wav,Tatdieuhoa,6
4-0103.wav,Tatdieuhoa,6
4-0104.wav,Tatdieuhoa,6
4-0105.wav,Tatdieuhoa,6
4-0106.wav,Tatdieuhoa,6
4-0107.wav,Tatdieuhoa,6
4-0108.wav,Tatdieuhoa,6
4-0109.wav,Tatdieuhoa,6
4-0110.wav,Tatdieuhoa,6
4-0111.wav,Tatdieuhoa,6
4-0112.wav,Tatdieuhoa,6
4-0113.wav,Tatdieuhoa,6
4-0114.wav,Tatdieuhoa,6
4-0115.wav,Tatdieuhoa,6
4-0116.wav,Tatdieuhoa,6
4-0117.wav,Tatdieuhoa,6
4-0118.wav,Tatdieuhoa,6
4-0119.wav,Tatdieuhoa,6
4-0120.wav,Tatdieuhoa,6
4-0121.wav,Tatdieuhoa,6
4-0122.wav,Tatdieuhoa,6
4-0123.wav,Tatdieuhoa,6
4-0124.wav,Tatdieuhoa,6
4-0125.wav,Tatdieuhoa,6
4-0126.wav,Tatdieuhoa,6
4-0127.wav,Tatdieuhoa,6
4-0128.wav,Tatdieuhoa,6
4-0129.wav,Tatdieuhoa,6
4-0130.wav,Tatdieuhoa,6
4-0131.wav,Tatdieuhoa,6
4-0132.wav,Tatdieuhoa,6
4-0133.wav,Tatdieuhoa,6
4-0134.wav,Tatdieuhoa,6
4-0135.wav,Tatdieuhoa,6
4-0136.wav,Tatdieuhoa,6
4-0137.wav,Tatdieuhoa,6
4-0138.wav,Tatdieuhoa,6
4-0139.wav,Tatdieuhoa,6
4-0140.wav,Tatdieuhoa,6
4-0141.wav,Tatdieuhoa,6
4-0142.wav,Tatdieuhoa,6
4-0143.wav,Tatdieuhoa,6
4-0144.wav,Tatdieuhoa,6
4-0145.wav,Tatdieuhoa,6
4-0146.wav,Tatdieuhoa,6
4-0147.wav,Tatdieuhoa,6
4-0148.wav,Tatdieuhoa,6
4-0149.wav,Tatdieuhoa,6
4-0150.wav,Tatdieuhoa,6
4-0151.wav,Tatdieuhoa,6
4-0152.wav,Tatdieuhoa,6
4-0153.wav,Tatdieuhoa,6
4-0154.wav,Tatdieuhoa,6
4-0155.wav,Tatdieuhoa,6
4-0156.wav,Tatdieuhoa,6
4-0157.wav,Tatdieuhoa,6
4-0158.wav,Tatdieuhoa,6
4-0159.wav,Tatdieuhoa,6
4-0160.wav,Tatdieuhoa,6
4-0161.wav,Tatdieuhoa,6
4-0162.wav,Tatdieuhoa,6
4-0163.wav,Tatdieuhoa,6
4-0164.wav,Tatdieuhoa,6
4-0165.wav,Tatdieuhoa,6
4-0166.wav,Tatdieuhoa,6
4-0167.wav,Tatdieuhoa,6
4-0168.wav,Tatdieuhoa,6
4-0169.wav,Tatdieuhoa,6
4-0170.wav,Tatdieuhoa,6
4-0171.wav,Tatdieuhoa,6
4-0172.wav,Tatdieuhoa,6
4-0173.wav,Tatdieuhoa,6
4-0174.wav,Tatdieuhoa,6
4-0175.wav,Tatdieuhoa,6
4-0176.wav,Tatdieuhoa,6
4-0177.wav,Tatdieuhoa,6
4-0178.wav,Tatdieuhoa,6
4-0179.wav,Tatdieuhoa,6
4-0180.wav,Tatdieuhoa,6
4-0181.wav,Tatdieuhoa,6
4-0182.wav,Tatdieuhoa,6
4-0183.wav,Tatdieuhoa,6
4-0184.wav,Tatdieuhoa,6
4-0185.wav,Tatdieuhoa,6
4-0186.wav,Tatdieuhoa,6
4-0187.wav,Tatdieuhoa,6
4-0188.wav,Tatdieuhoa,6
4-0189.wav,Tatdieuhoa,6
4-0190.wav,Tatdieuhoa,6
4-0191.wav,Tatdieuhoa,6
4-0192.wav,Tatdieuhoa,6
4-0193.wav,Tatdieuhoa,6
4-0194.wav,Tatdieuhoa,6
4-0195.wav,Tatdieuhoa,6
4-0196.wav,Tatdieuhoa,6
4-0197.wav,Tatdieuhoa,6
4-0198.wav,Tatdieuhoa,6
4-0199.wav,Tatdieuhoa,6
4-0200.wav,Tatdieuhoa,6
4-0201.wav,Tatdieuhoa,6
4-0202.wav,Tatdieuhoa,6
4-0203.wav,Tatdieuhoa,6
4-0204.wav,Tatdieuhoa,6
4-0221.wav,Tatdieuhoa,6
4-0222.wav,Tatdieuhoa,6
4_0001.wav,Tatmaychieu,7
4_0002.wav,Tatmaychieu,7
4_0003.wav,Tatmaychieu,7
4_0004.wav,Tatmaychieu,7
4_0005.wav,Tatmaychieu,7
4_0006.wav,Tatmaychieu,7
4_0007.wav,Tatmaychieu,7
4_0008.wav,Tatmaychieu,7
4_0009.wav,Tatmaychieu,7
4_0010.wav,Tatmaychieu,7
4_0011.wav,Tatmaychieu,7
4_0012.wav,Tatmaychieu,7
4_0013.wav,Tatmaychieu,7
4_0014.wav,Tatmaychieu,7
4_0015.wav,Tatmaychieu,7
4_0016.wav,Tatmaychieu,7
4_0017.wav,Tatmaychieu,7
4_0018.wav,Tatmaychieu,7
4_0019.wav,Tatmaychieu,7
4_0020.wav,Tatmaychieu,7
4_0021.wav,Tatmaychieu,7
4_0022.wav,Tatmaychieu,7
4_0023.wav,Tatmaychieu,7
4_0024.wav,Tatmaychieu,7
4_0025.wav,Tatmaychieu,7
4_0026.wav,Tatmaychieu,7
4_0027.wav,Tatmaychieu,7
4_0028.wav,Tatmaychieu,7
4_0029.wav,Tatmaychieu,7
4_0030.wav,Tatmaychieu,7
4_0031.wav,Tatmaychieu,7
4_0032.wav,Tatmaychieu,7
4_0033.wav,Tatmaychieu,7
4_0034.wav,Tatmaychieu,7
4_0035.wav,Tatmaychieu,7
4_0036.wav,Tatmaychieu,7
4_0037.wav,Tatmaychieu,7
4_0038.wav,Tatmaychieu,7
4_0039.wav,Tatmaychieu,7
4_0040.wav,Tatmaychieu,7
4_0041.wav,Tatmaychieu,7
4_0042.wav,Tatmaychieu,7
4_0043.wav,Tatmaychieu,7
4_0044.wav,Tatmaychieu,7
4_0045.wav,Tatmaychieu,7
4_0046.wav,Tatmaychieu,7
4_0047.wav,Tatmaychieu,7
4_0048.wav,Tatmaychieu,7
4_0049.wav,Tatmaychieu,7
4_0050.wav,Tatmaychieu,7
4_0051.wav,Tatmaychieu,7
4_0052.wav,Tatmaychieu,7
4_0053.wav,Tatmaychieu,7
4_0054.wav,Tatmaychieu,7
4_0055.wav,Tatmaychieu,7
4_0056.wav,Tatmaychieu,7
4_0057.wav,Tatmaychieu,7
4_0058.wav,Tatmaychieu,7
4_0059.wav,Tatmaychieu,7
4_0060.wav,Tatmaychieu,7
4_0061.wav,Tatmaychieu,7
4_0062.wav,Tatmaychieu,7
4_0063.wav,Tatmaychieu,7
4_0064.wav,Tatmaychieu,7
4_0065.wav,Tatmaychieu,7
4_0067.wav,Tatmaychieu,7
4_0068.wav,Tatmaychieu,7
4_0069.wav,Tatmaychieu,7
4_0070.wav,Tatmaychieu,7
4_0071.wav,Tatmaychieu,7
4_0072.wav,Tatmaychieu,7
4_0073.wav,Tatmaychieu,7
4_0074.wav,Tatmaychieu,7
4_0075.wav,Tatmaychieu,7
4_0076.wav,Tatmaychieu,7
4_0077.wav,Tatmaychieu,7
4_0078.wav,Tatmaychieu,7
4_0079.wav,Tatmaychieu,7
4_0080.wav,Tatmaychieu,7
4_0081.wav,Tatmaychieu,7
4_0082.wav,Tatmaychieu,7
4_0084.wav,Tatmaychieu,7
4_0086.wav,Tatmaychieu,7
4_0087.wav,Tatmaychieu,7
4_0088.wav,Tatmaychieu,7
4_0089.wav,Tatmaychieu,7
4_0090.wav,Tatmaychieu,7
4_0091.wav,Tatmaychieu,7
4_0092.wav,Tatmaychieu,7
4_0093.wav,Tatmaychieu,7
4_0094.wav,Tatmaychieu,7
4_0095.wav,Tatmaychieu,7
4_0096.wav,Tatmaychieu,7
4_0097.wav,Tatmaychieu,7
4_0098.wav,Tatmaychieu,7
4_0099.wav,Tatmaychieu,7
4_0100.wav,Tatmaychieu,7
4_0101.wav,Tatmaychieu,7
4_0102.wav,Tatmaychieu,7
4_0103.wav,Tatmaychieu,7
4_0104.wav,Tatmaychieu,7
4_0105.wav,Tatmaychieu,7
4_0106.wav,Tatmaychieu,7
4_0107.wav,Tatmaychieu,7
4_0108.wav,Tatmaychieu,7
4_0109.wav,Tatmaychieu,7
4_0110.wav,Tatmaychieu,7
4_0111.wav,Tatmaychieu,7
4_0112.wav,Tatmaychieu,7
4_0113.wav,Tatmaychieu,7
4_0114.wav,Tatmaychieu,7
4_0115.wav,Tatmaychieu,7
4_0116.wav,Tatmaychieu,7
4_0117.wav,Tatmaychieu,7
4_0118.wav,Tatmaychieu,7
4_0119.wav,Tatmaychieu,7
4_0120.wav,Tatmaychieu,7
4_0121.wav,Tatmaychieu,7
4_0122.wav,Tatmaychieu,7
4_0123.wav,Tatmaychieu,7
4_0124.wav,Tatmaychieu,7
4_0125.wav,Tatmaychieu,7
4_0126.wav,Tatmaychieu,7
4_0127.wav,Tatmaychieu,7
4_0128.wav,Tatmaychieu,7
4_0129.wav,Tatmaychieu,7
4_0130.wav,Tatmaychieu,7
4_0131.wav,Tatmaychieu,7
4_0132.wav,Tatmaychieu,7
4_0133.wav,Tatmaychieu,7
4_0134.wav,Tatmaychieu,7
4_0135.wav,Tatmaychieu,7
4_0136.wav,Tatmaychieu,7
4_0137.wav,Tatmaychieu,7
4_0138.wav,Tatmaychieu,7
4_0139.wav,Tatmaychieu,7
4_0140.wav,Tatmaychieu,7
4_0141.wav,Tatmaychieu,7
4_0142.wav,Tatmaychieu,7
4_0143.wav,Tatmaychieu,7
4_0144.wav,Tatmaychieu,7
4_0145.wav,Tatmaychieu,7
4_0146.wav,Tatmaychieu,7
4_0147.wav,Tatmaychieu,7
4_0148.wav,Tatmaychieu,7
4_0149.wav,Tatmaychieu,7
4_0150.wav,Tatmaychieu,7
4_0151.wav,Tatmaychieu,7
4_0152.wav,Tatmaychieu,7
4_0153.wav,Tatmaychieu,7
4_0154.wav,Tatmaychieu,7
4_0155.wav,Tatmaychieu,7
4_0156.wav,Tatmaychieu,7
4_0157.wav,Tatmaychieu,7
4_0158.wav,Tatmaychieu,7
4_0159.wav,Tatmaychieu,7
4_0160.wav,Tatmaychieu,7
4_0161.wav,Tatmaychieu,7
4_0162.wav,Tatmaychieu,7
4_0163.wav,Tatmaychieu,7
4_0164.wav,Tatmaychieu,7
4_0165.wav,Tatmaychieu,7
4_0166.wav,Tatmaychieu,7
4_0167.wav,Tatmaychieu,7
4_0168.wav,Tatmaychieu,7
4_0169.wav,Tatmaychieu,7
4_0170.wav,Tatmaychieu,7
4_0171.wav,Tatmaychieu,7
4_0172.wav,Tatmaychieu,7
4_0173.wav,Tatmaychieu,7
4_0174.wav,Tatmaychieu,7
4_0175.wav,Tatmaychieu,7
4_0176.wav,Tatmaychieu,7
4_0177.wav,Tatmaychieu,7
4_0178.wav,Tatmaychieu,7
4_0179.wav,Tatmaychieu,7
4_0180.wav,Tatmaychieu,7
4_0181.wav,Tatmaychieu,7
4_0182.wav,Tatmaychieu,7
4_0183.wav,Tatmaychieu,7
4_0184.wav,Tatmaychieu,7
4_0185.wav,Tatmaychieu,7
4_0186.wav,Tatmaychieu,7
4_0187.wav,Tatmaychieu,7
4_0188.wav,Tatmaychieu,7
4_0189.wav,Tatmaychieu,7
4_0220.wav,Tatmaychieu,7
4_0221.wav,Tatmaychieu,7
4_0222.wav,Tatmaychieu,7
4_0225.wav,Tatmaychieu,7
4_0226.wav,Tatmaychieu,7
4_0227.wav,Tatmaychieu,7
4_0228.wav,Tatmaychieu,7
4_0229.wav,Tatmaychieu,7
4_0230.wav,Tatmaychieu,7
4_0231.wav,Tatmaychieu,7
4_0232.wav,Tatmaychieu,7
4_0233.wav,Tatmaychieu,7
4_0234.wav,Tatmaychieu,7
4_0235.wav,Tatmaychieu,7
4_0236.wav,Tatmaychieu,7
4_0237.wav,Tatmaychieu,7
4_0238.wav,Tatmaychieu,7
4_0239.wav,Tatmaychieu,7
4_0240.wav,Tatmaychieu,7
4_0241.wav,Tatmaychieu,7
4_0242.wav,Tatmaychieu,7
4_0243.wav,Tatmaychieu,7
2-0001.wav,Tattivi,8
2-0002.wav,Tattivi,8
2-0003.wav,Tattivi,8
2-0004.wav,Tattivi,8
2-0005.wav,Tattivi,8
2-0006.wav,Tattivi,8
2-0007.wav,Tattivi,8
2-0008.wav,Tattivi,8
2-0009.wav,Tattivi,8
2-0010.wav,Tattivi,8
2-0011.wav,Tattivi,8
2-0012.wav,Tattivi,8
2-0013.wav,Tattivi,8
2-0014.wav,Tattivi,8
2-0015.wav,Tattivi,8
2-0016.wav,Tattivi,8
2-0017.wav,Tattivi,8
2-0018.wav,Tattivi,8
2-0019.wav,Tattivi,8
2-0020.wav,Tattivi,8
2-0021.wav,Tattivi,8
2-0022.wav,Tattivi,8
2-0023.wav,Tattivi,8
2-0024.wav,Tattivi,8
2-0025.wav,Tattivi,8
2-0026.wav,Tattivi,8
2-0027.wav,Tattivi,8
2-0028.wav,Tattivi,8
2-0029.wav,Tattivi,8
2-0030.wav,Tattivi,8
2-0031.wav,Tattivi,8
2-0032.wav,Tattivi,8
2-0033.wav,Tattivi,8
2-0034.wav,Tattivi,8
2-0035.wav,Tattivi,8
2-0036.wav,Tattivi,8
2-0037.wav,Tattivi,8
2-0038.wav,Tattivi,8
2-0039.wav,Tattivi,8
2-0040.wav,Tattivi,8
2-0041.wav,Tattivi,8
2-0042.wav,Tattivi,8
2-0043.wav,Tattivi,8
2-0044.wav,Tattivi,8
2-0045.wav,Tattivi,8
2-0046.wav,Tattivi,8
2-0047.wav,Tattivi,8
2-0048.wav,Tattivi,8
2-0049.wav,Tattivi,8
2-0050.wav,Tattivi,8
2-0051.wav,Tattivi,8
2-0052.wav,Tattivi,8
2-0053.wav,Tattivi,8
2-0054.wav,Tattivi,8
2-0055.wav,Tattivi,8
2-0056.wav,Tattivi,8
2-0057.wav,Tattivi,8
2-0058.wav,Tattivi,8
2-0059.wav,Tattivi,8
2-0060.wav,Tattivi,8
2-0061.wav,Tattivi,8
2-0062.wav,Tattivi,8
2-0063.wav,Tattivi,8
2-0064.wav,Tattivi,8
2-0065.wav,Tattivi,8
2-0066.wav,Tattivi,8
2-0067.wav,Tattivi,8
2-0068.wav,Tattivi,8
2-0069.wav,Tattivi,8
2-0070.wav,Tattivi,8
2-0071.wav,Tattivi,8
2-0072.wav,Tattivi,8
2-0073.wav,Tattivi,8
2-0074.wav,Tattivi,8
2-0075.wav,Tattivi,8
2-0076.wav,Tattivi,8
2-0077.wav,Tattivi,8
2-0078.wav,Tattivi,8
2-0079.wav,Tattivi,8
2-0080.wav,Tattivi,8
2-0081.wav,Tattivi,8
2-0082.wav,Tattivi,8
2-0083.wav,Tattivi,8
2-0084.wav,Tattivi,8
2-0085.wav,Tattivi,8
2-0086.wav,Tattivi,8
2-0087.wav,Tattivi,8
2-0088.wav,Tattivi,8
2-0089.wav,Tattivi,8
2-0090.wav,Tattivi,8
2-0091.wav,Tattivi,8
2-0092.wav,Tattivi,8
2-0093.wav,Tattivi,8
2-0094.wav,Tattivi,8
2-0095.wav,Tattivi,8
2-0096.wav,Tattivi,8
2-0097.wav,Tattivi,8
2-0098.wav,Tattivi,8
2-0099.wav,Tattivi,8
2-0100.wav,Tattivi,8
2-0101.wav,Tattivi,8
2-0102.wav,Tattivi,8
2-0103.wav,Tattivi,8
2-0104.wav,Tattivi,8
2-0105.wav,Tattivi,8
2-0106.wav,Tattivi,8
2-0107.wav,Tattivi,8
2-0108.wav,Tattivi,8
2-0109.wav,Tattivi,8
2-0110.wav,Tattivi,8
2-0111.wav,Tattivi,8
2-0112.wav,Tattivi,8
2-0113.wav,Tattivi,8
2-0114.wav,Tattivi,8
2-0115.wav,Tattivi,8
2-0116.wav,Tattivi,8
2-0117.wav,Tattivi,8
2-0118.wav,Tattivi,8
2-0119.wav,Tattivi,8
2-0120.wav,Tattivi,8
2-0121.wav,Tattivi,8
2-0122.wav,Tattivi,8
2-0123.wav,Tattivi,8
2-0124.wav,Tattivi,8
2-0125.wav,Tattivi,8
2-0126.wav,Tattivi,8
2-0127.wav,Tattivi,8
2-0128.wav,Tattivi,8
2-0129.wav,Tattivi,8
2-0130.wav,Tattivi,8
2-0131.wav,Tattivi,8
2-0132.wav,Tattivi,8
2-0133.wav,Tattivi,8
2-0134.wav,Tattivi,8
2-0135.wav,Tattivi,8
2-0136.wav,Tattivi,8
2-0137.wav,Tattivi,8
2-0138.wav,Tattivi,8
2-0139.wav,Tattivi,8
2-0140.wav,Tattivi,8
2-0141.wav,Tattivi,8
2-0142.wav,Tattivi,8
2-0143.wav,Tattivi,8
2-0144.wav,Tattivi,8
2-0145.wav,Tattivi,8
2-0146.wav,Tattivi,8
2-0147.wav,Tattivi,8
2-0148.wav,Tattivi,8
2-0149.wav,Tattivi,8
2-0150.wav,Tattivi,8
2-0151.wav,Tattivi,8
2-0152.wav,Tattivi,8
2-0153.wav,Tattivi,8
2-0154.wav,Tattivi,8
2-0155.wav,Tattivi,8
2-0156.wav,Tattivi,8
2-0157.wav,Tattivi,8
2-0158.wav,Tattivi,8
2-0159.wav,Tattivi,8
2-0160.wav,Tattivi,8
2-0161.wav,Tattivi,8
2-0162.wav,Tattivi,8
2-0163.wav,Tattivi,8
2-0164.wav,Tattivi,8
2-0165.wav,Tattivi,8
2-0166.wav,Tattivi,8
2-0167.wav,Tattivi,8
2-0168.wav,Tattivi,8
2-0169.wav,Tattivi,8
2-0170.wav,Tattivi,8
2-0171.wav,Tattivi,8
2-0172.wav,Tattivi,8
2-0173.wav,Tattivi,8
2-0174.wav,Tattivi,8
2-0175.wav,Tattivi,8
2-0176.wav,Tattivi,8
2-0177.wav,Tattivi,8
2-0178.wav,Tattivi,8
2-0179.wav,Tattivi,8
2-0180.wav,Tattivi,8
2-0181.wav,Tattivi,8
2-0182.wav,Tattivi,8
2-0183.wav,Tattivi,8
2-0184.wav,Tattivi,8
2-0185.wav,Tattivi,8
2-0186.wav,Tattivi,8
2-0187.wav,Tattivi,8
2-0188.wav,Tattivi,8
2-0189.wav,Tattivi,8
2-0190.wav,Tattivi,8
2-0191.wav,Tattivi,8
2-0192.wav,Tattivi,8
2-0193.wav,Tattivi,8
2-0194.wav,Tattivi,8
2-0195.wav,Tattivi,8
2-0196.wav,Tattivi,8
2-0197.wav,Tattivi,8
2-0198.wav,Tattivi,8
2-0199.wav,Tattivi,8
2-0200.wav,Tattivi,8
2-0201.wav,Tattivi,8
2-0202.wav,Tattivi,8
2-0203.wav,Tattivi,8
2-0220.wav,Tattivi,8
2-0221.wav,Tattivi,8
2-0223.wav,Tattivi,8
9-0001.wav,Troly,9
9-0002.wav,Troly,9
9-0003.wav,Troly,9
9-0004.wav,Troly,9
9-0005.wav,Troly,9
9-0006.wav,Troly,9
9-0007.wav,Troly,9
9-0008.wav,Troly,9
9-0009.wav,Troly,9
9-0010.wav,Troly,9
9-0011.wav,Troly,9
9-0012.wav,Troly,9
9-0013.wav,Troly,9
9-0014.wav,Troly,9
9-0015.wav,Troly,9
9-0016.wav,Troly,9
9-0017.wav,Troly,9
9-0018.wav,Troly,9
9-0019.wav,Troly,9
9-0020.wav,Troly,9
9-0021.wav,Troly,9
9-0022.wav,Troly,9
9-0023.wav,Troly,9
9-0024.wav,Troly,9
9-0025.wav,Troly,9
9-0026.wav,Troly,9
9-0027.wav,Troly,9
9-0028.wav,Troly,9
9-0029.wav,Troly,9
9-0030.wav,Troly,9
9-0031.wav,Troly,9
9-0032.wav,Troly,9
9-0033.wav,Troly,9
9-0034.wav,Troly,9
9-0035.wav,Troly,9
9-0036.wav,Troly,9
9-0037.wav,Troly,9
9-0038.wav,Troly,9
9-0039.wav,Troly,9
9-0040.wav,Troly,9
9-0041.wav,Troly,9
9-0042.wav,Troly,9
9-0043.wav,Troly,9
9-0044.wav,Troly,9
9-0045.wav,Troly,9
9-0046.wav,Troly,9
9-0047.wav,Troly,9
9-0048.wav,Troly,9
9-0049.wav,Troly,9
9-0050.wav,Troly,9
9-0051.wav,Troly,9
9-0052.wav,Troly,9
9-0053.wav,Troly,9
9-0054.wav,Troly,9
9-0055.wav,Troly,9
9-0056.wav,Troly,9
9-0057.wav,Troly,9
9-0058.wav,Troly,9
9-0059.wav,Troly,9
9-0060.wav,Troly,9
9-0061.wav,Troly,9
9-0062.wav,Troly,9
9-0063.wav,Troly,9
9-0064.wav,Troly,9
9-0065.wav,Troly,9
9-0066.wav,Troly,9
9-0067.wav,Troly,9
9-0068.wav,Troly,9
9-0069.wav,Troly,9
9-0070.wav,Troly,9
9-0071.wav,Troly,9
9-0072.wav,Troly,9
9-0073.wav,Troly,9
9-0074.wav,Troly,9
9-0075.wav,Troly,9
9-0076.wav,Troly,9
9-0077.wav,Troly,9
9-0078.wav,Troly,9
9-0079.wav,Troly,9
9-0080.wav,Troly,9
9-0081.wav,Troly,9
9-0082.wav,Troly,9
9-0083.wav,Troly,9
9-0084.wav,Troly,9
9-0085.wav,Troly,9
9-0086.wav,Troly,9
9-0087.wav,Troly,9
9-0088.wav,Troly,9
9-0089.wav,Troly,9
9-0090.wav,Troly,9
9-0091.wav,Troly,9
9-0092.wav,Troly,9
9-0093.wav,Troly,9
9-0094.wav,Troly,9
9-0095.wav,Troly,9
9-0096.wav,Troly,9
9-0097.wav,Troly,9
9-0098.wav,Troly,9
9-0099.wav,Troly,9
9-0100.wav,Troly,9
9-0101.wav,Troly,9
9-0102.wav,Troly,9
9-0103.wav,Troly,9
9-0104.wav,Troly,9
9-0105.wav,Troly,9
9-0106.wav,Troly,9
9-0107.wav,Troly,9
9-0108.wav,Troly,9
9-0109.wav,Troly,9
9-0110.wav,Troly,9
9-0111.wav,Troly,9
9-0112.wav,Troly,9
9-0113.wav,Troly,9
9-0114.wav,Troly,9
9-0115.wav,Troly,9
9-0116.wav,Troly,9
9-0117.wav,Troly,9
9-0118.wav,Troly,9
9-0119.wav,Troly,9
9-0120.wav,Troly,9
9-0121.wav,Troly,9
9-0122.wav,Troly,9
9-0123.wav,Troly,9
9-0124.wav,Troly,9
9-0125.wav,Troly,9
9-0126.wav,Troly,9
9-0127.wav,Troly,9
9-0128.wav,Troly,9
9-0129.wav,Troly,9
9-0130.wav,Troly,9
9-0131.wav,Troly,9
9-0132.wav,Troly,9
9-0133.wav,Troly,9
9-0134.wav,Troly,9
9-0135.wav,Troly,9
9-0136.wav,Troly,9
9-0137.wav,Troly,9
9-0138.wav,Troly,9
9-0139.wav,Troly,9
9-0140.wav,Troly,9
9-0141.wav,Troly,9
9-0142.wav,Troly,9
9-0143.wav,Troly,9
9-0144.wav,Troly,9
9-0145.wav,Troly,9
9-0146.wav,Troly,9
9-0147.wav,Troly,9
9-0148.wav,Troly,9
9-0149.wav,Troly,9
9-0150.wav,Troly,9
9-0151.wav,Troly,9
9-0152.wav,Troly,9
9-0153.wav,Troly,9
9-0154.wav,Troly,9
9-0155.wav,Troly,9
9-0156.wav,Troly,9
9-0157.wav,Troly,9
9-0158.wav,Troly,9
9-0159.wav,Troly,9
9-0160.wav,Troly,9
9-0161.wav,Troly,9
9-0162.wav,Troly,9
9-0163.wav,Troly,9
9-0164.wav,Troly,9
9-0165.wav,Troly,9
9-0166.wav,Troly,9
9-0167.wav,Troly,9
9-0168.wav,Troly,9
9-0169.wav,Troly,9
9-0170.wav,Troly,9
9-0171.wav,Troly,9
9-0172.wav,Troly,9
9-0173.wav,Troly,9
9-0174.wav,Troly,9
9-0175.wav,Troly,9
9-0176.wav,Troly,9
9-0177.wav,Troly,9
9-0178.wav,Troly,9
9-0179.wav,Troly,9
9-0180.wav,Troly,9
9-0181.wav,Troly,9
9-0182.wav,Troly,9
9-0183.wav,Troly,9
9-0184.wav,Troly,9
9-0185.wav,Troly,9
9-0186.wav,Troly,9
9-0187.wav,Troly,9
9-0188.wav,Troly,9
9-0189.wav,Troly,9
9-0190.wav,Troly,9
9-0191.wav,Troly,9
9-0192.wav,Troly,9
9-0193.wav,Troly,9
9-0194.wav,Troly,9
9-0195.wav,Troly,9
9-0196.wav,Troly,9
9-0197.wav,Troly,9
9-0198.wav,Troly,9
9-0199.wav,Troly,9
9-0200.wav,Troly,9
9-0201.wav,Troly,9
9-0202.wav,Troly,9
9-0203.wav,Troly,9
9-0204.wav,Troly,9
9-0205.wav,Troly,9
9-0206.wav,Troly,9
9-0207.wav,Troly,9
9-0208.wav,Troly,9
9-0209.wav,Troly,9
9-0210.wav,Troly,9
9-0211.wav,Troly,9
9-0212.wav,Troly,9
9-0213.wav,Troly,9
9-0214.wav,Troly,9
9-0215.wav,Troly,9
9-0216.wav,Troly,9
9-0217.wav,Troly,9
9-0218.wav,Troly,9
9-0219.wav,Troly,9
9-0220.wav,Troly,9
9-0221.wav,Troly,9
9-0222.wav,Troly,9
9-0223.wav,Troly,9
9-0224.wav,Troly,9
9-0225.wav,Troly,9
9-0226.wav,Troly,9
9-0227.wav,Troly,9
9-0228.wav,Troly,9
9-0229.wav,Troly,9
9-0230.wav,Troly,9
9-0231.wav,Troly,9
9-0232.wav,Troly,9
9-0233.wav,Troly,9
9-0234.wav,Troly,9
9-0235.wav,Troly,9
9-0236.wav,Troly,9
9-0237.wav,Troly,9
9-0238.wav,Troly,9
9-0239.wav,Troly,9
9-0240.wav,Troly,9
9-0241.wav,Troly,9
9-0242.wav,Troly,9
9-0243.wav,Troly,9
9-0244.wav,Troly,9
9-0245.wav,Troly,9
9-0246.wav,Troly,9
9-0247.wav,Troly,9
9-0248.wav,Troly,9
9-0249.wav,Troly,9
9-0250.wav,Troly,9
9-0251.wav,Troly,9
9-0252.wav,Troly,9
9-0253.wav,Troly,9
9-0254.wav,Troly,9
9-0255.wav,Troly,9
9-0256.wav,Troly,9
9-0257.wav,Troly,9
9-0258.wav,Troly,9
9-0259.wav,Troly,9
9-0260.wav,Troly,9
9-0261.wav,Troly,9
9-0262.wav,Troly,9
9-0263.wav,Troly,9
9-0264.wav,Troly,9
9-0265.wav,Troly,9
9-0266.wav,Troly,9
9-0267.wav,Troly,9
9-0268.wav,Troly,9
9-0269.wav,Troly,9
9-0270.wav,Troly,9
9-0271.wav,Troly,9
9-0272.wav,Troly,9
9-0273.wav,Troly,9
9-0274.wav,Troly,9
9-0275.wav,Troly,9
9-0276.wav,Troly,9
9-0277.wav,Troly,9
